Age,Num
Underage,44.19061944
Youth,53.42734568
Elderly,2.382034884
