Age,Num
Underage,33.701013
Youth,40.745201
Elderly,1.816607
