Age,Num
Underage,80.183649
Youth,175.514836
Elderly,25.722232
