Age,Num
Underage,28.49244713
Youth,62.36741839
Elderly,9.140134484
