Year,Age,Num
1900,Underage,33.701013
1900,Youth age,40.745201
1900,Middle age,1.428844
1900,Old age,0.387763
2000,Underage,80.183649
2000,Youth age,175.514836
2000,Middle age,16.245299
2000,Old age,9.476933
