Year,Underage,Youth age,Middle age,Old age,Total
1900,33.701013,40.745201,1.428844,0.387763,76.262821
2000,80.183649,175.514836,16.245299,9.476933,281.420717
