Year,Age,Num
1900,1,33.701013
1900,2,40.745201
1900,3,1.428844
1900,4,0.387763
2000,1,80.183649
2000,2,175.514836
2000,3,16.245299
2000,4,9.476933
