Age,Year,Num
1,1900,33.701013
1,2000,80.183649
2,1900,40.745201
2,2000,175.514836
3,1900,10.905777
3,2000,25.722232
