Age,Year,Num
1,1900,33.701013
1,2000,80.183649
2,1900,40.745201
2,2000,175.514836
3,1900,1.428844
3,2000,16.245299
4,1900,0.387763
4,2000,9.476933
