Year,Underage,Youth,Elderly,Total
1900,33.701013,40.745201,1.816607,76.262821
2000,80.183649,175.514836,25.722232,281.420717
