Year,1,2,3,Total
1900,33.701013,40.745201,10.905777,85.351991
2000,80.183649,175.514836,25.722232,281.420717
