Year,1,2
1900,16.917842,16.783171
2000,41.088178,39.095471
1900,21.087828,19.657373
2000,86.861165,88.653671
1900,0.909565,0.907042
2000,9.914098,15.808134
