Year,Male,Female,Total
1900,38.915235,37.347586,76.262821
2000,137.863441,143.557276,281.420717
